model,r2_test,n_creators,n_features
RF,0.18339032138716704,40,7
HGB,-0.26582106338946354,40,7
